{"cameraMode":{"drawMode":0,"name":"Shaded","section":"Shading Mode"},"sceneLighting":false,"audioPlay":false,"sceneViewState":{"m_AlwaysRefresh":false,"showFog":true,"showSkybox":false,"showFlares":true,"showImageEffects":true,"showParticleSystems":true,"showVisualEffectGraphs":true,"m_FxEnabled":true},"in2DMode":false,"pivot":{"x":0.002553701400756836,"y":3.7764816284179689,"z":0.07194298505783081},"rotation":{"x":0.5869808793067932,"y":-0.023265568539500238,"z":0.016495512798428537,"w":0.8091456890106201},"size":5.721885681152344,"orthographic":false}