{"cameraMode":{"drawMode":0,"name":"Shaded","section":"Shading Mode"},"sceneLighting":false,"audioPlay":false,"sceneViewState":{"m_AlwaysRefresh":false,"showFog":true,"showSkybox":false,"showFlares":true,"showImageEffects":true,"showParticleSystems":true,"showVisualEffectGraphs":true,"m_FxEnabled":true},"in2DMode":false,"pivot":{"x":0.02883356809616089,"y":0.6496657133102417,"z":1.03289794921875},"rotation":{"x":0.024795159697532655,"y":0.6984137892723084,"z":0.023985521867871286,"w":-0.7149717211723328},"size":2.0070316791534426,"orthographic":false}