{"cameraMode":{"drawMode":0,"name":"Shaded","section":"Shading Mode"},"sceneLighting":false,"audioPlay":false,"sceneViewState":{"m_AlwaysRefresh":false,"showFog":true,"showSkybox":false,"showFlares":true,"showImageEffects":true,"showParticleSystems":true,"showVisualEffectGraphs":true,"m_FxEnabled":true},"in2DMode":false,"pivot":{"x":-4.671493053436279,"y":2.2031044960021974,"z":0.19937944412231446},"rotation":{"x":0.3215675354003906,"y":0.032542962580919269,"z":-0.011378070339560509,"w":0.9463023543357849},"size":3.3300726413726808,"orthographic":false}